Workbook

Sheet Resumen
A1: Resumen de pendientes por área
A2: Avance promedio = promedio simple de las actividades (todas pesan igual).
A4: Área | B4: Actividades | C4: Terminadas | D4: En proceso | E4: Sin iniciar | F4: Avance promedio | G4: Falta promedio
A5: Trampas | B5: =COUNTIFS(Pendientes!$A$5:$A$68,A5,Pendientes!$D$5:$D$68,"<>") | C5: =COUNTIFS(Pendientes!$A$5:$A$68,A5,Pendientes!$F$5:$F$68,"Terminada") | D5: =COUNTIFS(Pendientes!$A$5:$A$68,A5,Pendientes!$F$5:$F$68,"En proceso") | E5: =COUNTIFS(Pendientes!$A$5:$A$68,A5,Pendientes!$F$5:$F$68,"Sin iniciar") | F5: =IF(B5=0,0,SUMIFS(Pendientes!$E$5:$E$68,Pendientes!$A$5:$A$68,A5)/B5) | G5: =1-F5
A6: Esferas 301 A y B | B6: =COUNTIFS(Pendientes!$A$5:$A$68,A6,Pendientes!$D$5:$D$68,"<>") | C6: =COUNTIFS(Pendientes!$A$5:$A$68,A6,Pendientes!$F$5:$F$68,"Terminada") | D6: =COUNTIFS(Pendientes!$A$5:$A$68,A6,Pendientes!$F$5:$F$68,"En proceso") | E6: =COUNTIFS(Pendientes!$A$5:$A$68,A6,Pendientes!$F$5:$F$68,"Sin iniciar") | F6: =IF(B6=0,0,SUMIFS(Pendientes!$E$5:$E$68,Pendientes!$A$5:$A$68,A6)/B6) | G6: =1-F6
A7: TU-45 | B7: =COUNTIFS(Pendientes!$A$5:$A$68,A7,Pendientes!$D$5:$D$68,"<>") | C7: =COUNTIFS(Pendientes!$A$5:$A$68,A7,Pendientes!$F$5:$F$68,"Terminada") | D7: =COUNTIFS(Pendientes!$A$5:$A$68,A7,Pendientes!$F$5:$F$68,"En proceso") | E7: =COUNTIFS(Pendientes!$A$5:$A$68,A7,Pendientes!$F$5:$F$68,"Sin iniciar") | F7: =IF(B7=0,0,SUMIFS(Pendientes!$E$5:$E$68,Pendientes!$A$5:$A$68,A7)/B7) | G7: =1-F7
A8: TOTAL | B8: =SUM(B5:B7) | C8: =SUM(C5:C7) | D8: =SUM(D5:D7) | E8: =SUM(E5:E7) | F8: =IF(B8=0,0,SUM(Pendientes!$E$5:$E$68)/B8) | G8: =1-F8
A10: Cómo usar
A11: 1. Actualiza solo la columna '% Falta' en la hoja Pendientes (0% = terminada, 100% = sin iniciar).
A12: 2. Agrega actividades nuevas debajo de la lista, con el nombre del área escrito igual que aquí.
A13: 3. Este resumen se recalcula solo. Usa el filtro de la hoja Pendientes para ver por área o estado.
A14: 4. Celdas amarillas: lectura dudosa de la nota manuscrita; verificar contra la nota original.

Sheet Pendientes
A1: Pendientes por área
A2: Fuente: notas manuscritas de campo. Columna '% Falta' tal como viene en la nota. Captura en azul; lo demás se calcula.
A4: Área | B4: No. | C4: Actividad | D4: % Falta | E4: % Avance | F4: Estado | G4: Responsable | H4: Fecha compromiso | I4: Observaciones
A5: Trampas | B5: 1 | C5: Colocación de tapa para CVT | D5: 1 | E5: =IF(D5="","",1-D5) | F5: =IF(D5="","",IF(D5=0,"Terminada",IF(D5=1,"Sin iniciar","En proceso"))) | I5: Verificar sigla (CVT) en la nota original
A6: Trampas | B6: 2 | C6: Colocación de escalera marina | D6: 1 | E6: =IF(D6="","",1-D6) | F6: =IF(D6="","",IF(D6=0,"Terminada",IF(D6=1,"Sin iniciar","En proceso")))
A7: Trampas | B7: 3 | C7: Colado de paso de calle | D7: 1 | E7: =IF(D7="","",1-D7) | F7: =IF(D7="","",IF(D7=0,"Terminada",IF(D7=1,"Sin iniciar","En proceso")))
A8: Esferas 301 A y B | B8: 1 | C8: Colocación de dados en sitio | D8: 1 | E8: =IF(D8="","",1-D8) | F8: =IF(D8="","",IF(D8=0,"Terminada",IF(D8=1,"Sin iniciar","En proceso")))
A9: Esferas 301 A y B | B9: 2 | C9: Colado de dados | D9: 0.5 | E9: =IF(D9="","",1-D9) | F9: =IF(D9="","",IF(D9=0,"Terminada",IF(D9=1,"Sin iniciar","En proceso")))
A10: Esferas 301 A y B | B10: 3 | C10: Cimbrado de dados faltantes | D10: 0.5 | E10: =IF(D10="","",1-D10) | F10: =IF(D10="","",IF(D10=0,"Terminada",IF(D10=1,"Sin iniciar","En proceso")))
A11: Esferas 301 A y B | B11: 4 | C11: Armado de dados | D11: 0.7 | E11: =IF(D11="","",1-D11) | F11: =IF(D11="","",IF(D11=0,"Terminada",IF(D11=1,"Sin iniciar","En proceso")))
A12: Esferas 301 A y B | B12: 5 | C12: Excavación para colocación de dados | D12: 1 | E12: =IF(D12="","",1-D12) | F12: =IF(D12="","",IF(D12=0,"Terminada",IF(D12=1,"Sin iniciar","En proceso")))
A13: Esferas 301 A y B | B13: 6 | C13: Plantilla | D13: 1 | E13: =IF(D13="","",1-D13) | F13: =IF(D13="","",IF(D13=0,"Terminada",IF(D13=1,"Sin iniciar","En proceso"))) | I13: Según Diego Juárez no lleva, pero para colocar bien los dados hay que considerarla
A14: Esferas 301 A y B | B14: 7 | C14: Colocación de 4 dados adicionales para Luis Guerrero | D14: 1 | E14: =IF(D14="","",1-D14) | F14: =IF(D14="","",IF(D14=0,"Terminada",IF(D14=1,"Sin iniciar","En proceso")))
A15: Esferas 301 A y B | B15: 8 | C15: Reparación de mochetas | D15: 1 | E15: =IF(D15="","",1-D15) | F15: =IF(D15="","",IF(D15=0,"Terminada",IF(D15=1,"Sin iniciar","En proceso")))
A16: Esferas 301 A y B | B16: 9 | C16: Colado de grout | D16: 1 | E16: =IF(D16="","",1-D16) | F16: =IF(D16="","",IF(D16=0,"Terminada",IF(D16=1,"Sin iniciar","En proceso")))
A17: TU-45 | B17: 1 | C17: Sello en pisos (juntas) | D17: 0.6 | E17: =IF(D17="","",1-D17) | F17: =IF(D17="","",IF(D17=0,"Terminada",IF(D17=1,"Sin iniciar","En proceso"))) | I17: Verificar % en la nota original (se leyó 60%)
A18: TU-45 | B18: 2 | C18: Corte para juntas (ruta eléctrica) | D18: 0.9 | E18: =IF(D18="","",1-D18) | F18: =IF(D18="","",IF(D18=0,"Terminada",IF(D18=1,"Sin iniciar","En proceso")))
A19: TU-45 | B19: 3 | C19: Reparación de mochetas | D19: 0.15 | E19: =IF(D19="","",1-D19) | F19: =IF(D19="","",IF(D19=0,"Terminada",IF(D19=1,"Sin iniciar","En proceso")))
A20: TU-45 | B20: 4 | C20: Sello en tanque | D20: 0.05 | E20: =IF(D20="","",1-D20) | F20: =IF(D20="","",IF(D20=0,"Terminada",IF(D20=1,"Sin iniciar","En proceso")))
A21: TU-45 | B21: 5 | C21: Reparación de cunetas | D21: 0.25 | E21: =IF(D21="","",1-D21) | F21: =IF(D21="","",IF(D21=0,"Terminada",IF(D21=1,"Sin iniciar","En proceso")))
A22: TU-45 | B22: 6 | C22: Reparación de talud | D22: 0.6 | E22: =IF(D22="","",1-D22) | F22: =IF(D22="","",IF(D22=0,"Terminada",IF(D22=1,"Sin iniciar","En proceso")))
A23: TU-45 | B23: 7 | C23: Colocación de flechas | D23: 1 | E23: =IF(D23="","",1-D23) | F23: =IF(D23="","",IF(D23=0,"Terminada",IF(D23=1,"Sin iniciar","En proceso")))
A24: TU-45 | B24: 8 | C24: Reparación de junta muro | D24: 1 | E24: =IF(D24="","",1-D24) | F24: =IF(D24="","",IF(D24=0,"Terminada",IF(D24=1,"Sin iniciar","En proceso")))
A25: TU-45 | B25: 9 | C25: Reparación de sardinel REG | D25: 0.85 | E25: =IF(D25="","",1-D25) | F25: =IF(D25="","",IF(D25=0,"Terminada",IF(D25=1,"Sin iniciar","En proceso")))
A26: TU-45 | B26: 10 | C26: Desazolve de REG AC | D26: 0.7 | E26: =IF(D26="","",1-D26) | F26: =IF(D26="","",IF(D26=0,"Terminada",IF(D26=1,"Sin iniciar","En proceso")))
A27: TU-45 | B27: 11 | C27: Reparación de anillo de cimentación | D27: 0.05 | E27: =IF(D27="","",1-D27) | F27: =IF(D27="","",IF(D27=0,"Terminada",IF(D27=1,"Sin iniciar","En proceso"))) | I27: En la nota dice 'anillo ciment.'; verificar
A28: TU-45 | B28: 12 | C28: Reparación de tapas REG | D28: 1 | E28: =IF(D28="","",1-D28) | F28: =IF(D28="","",IF(D28=0,"Terminada",IF(D28=1,"Sin iniciar","En proceso")))
